method,column,group,n,mae,rmse,bias,actual_mean,predicted_mean,missing_rate,dataset,dataset_type,target_columns
mean,BMI,all,1003,9.766527027786264,13.509063829951826,-7.908748579204035,35.56630109670987,27.657552517505845,10pct,diabetes_sample,diabetes,"BMI,Income,MentHlth"
median,BMI,all,1003,10.089730807577268,13.904244530075829,-8.56630109670987,35.56630109670987,27.0,10pct,diabetes_sample,diabetes,"BMI,Income,MentHlth"
mode,BMI,all,1003,10.089730807577268,13.904244530075829,-8.56630109670987,35.56630109670987,27.0,10pct,diabetes_sample,diabetes,"BMI,Income,MentHlth"
mice5,BMI,all,1003,8.722661348589178,12.475830673578251,-6.475025227190884,35.56630109670987,29.091275869518984,10pct,diabetes_sample,diabetes,"BMI,Income,MentHlth"
rebalanced_mice_general,BMI,all,1003,7.748250067513127,11.126993373184485,-3.7826679448678338,35.56630109670987,31.78363315184204,10pct,diabetes_sample,diabetes,"BMI,Income,MentHlth"
rebalanced_mice_dml,BMI,all,1003,7.745745611280425,11.09441326934864,-3.798386639909927,35.56630109670987,31.76791445679994,10pct,diabetes_sample,diabetes,"BMI,Income,MentHlth"
mean,Income,all,989,2.945447082483952,3.366919281455804,2.451511516258243,3.8675429726996966,6.31905448895794,10pct,diabetes_sample,diabetes,"BMI,Income,MentHlth"
median,Income,all,989,3.377148634984833,3.890825588660474,3.1324570273003034,3.8675429726996966,7.0,10pct,diabetes_sample,diabetes,"BMI,Income,MentHlth"
mode,Income,all,989,4.132457027300303,4.7332269981457396,4.132457027300303,3.8675429726996966,8.0,10pct,diabetes_sample,diabetes,"BMI,Income,MentHlth"
mice5,Income,all,989,1.9870087246051935,2.4051387529257915,1.3295296132806766,3.8675429726996966,5.197072585980373,10pct,diabetes_sample,diabetes,"BMI,Income,MentHlth"
rebalanced_mice_general,Income,all,989,1.7333465556897287,2.0397073169960924,0.3581310732468105,3.8675429726996966,4.225674045946507,10pct,diabetes_sample,diabetes,"BMI,Income,MentHlth"
rebalanced_mice_dml,Income,all,989,1.749876583483684,2.050005850358461,0.27663316810442873,3.8675429726996966,4.1441761408041256,10pct,diabetes_sample,diabetes,"BMI,Income,MentHlth"
mean,MentHlth,all,994,14.389449287329576,18.57983219955629,-13.244699152052,15.112676056338028,1.8679769042860317,10pct,diabetes_sample,diabetes,"BMI,Income,MentHlth"
median,MentHlth,all,994,15.112676056338028,19.954475350635377,-15.112676056338028,15.112676056338028,0.0,10pct,diabetes_sample,diabetes,"BMI,Income,MentHlth"
mode,MentHlth,all,994,15.112676056338028,19.954475350635377,-15.112676056338028,15.112676056338028,0.0,10pct,diabetes_sample,diabetes,"BMI,Income,MentHlth"
mice5,MentHlth,all,994,13.2193752781196,16.9051338273088,-11.432833079046835,15.112676056338028,3.6798429772911905,10pct,diabetes_sample,diabetes,"BMI,Income,MentHlth"
rebalanced_mice_general,MentHlth,all,994,11.594585628476445,13.103340227957975,-4.63736401209082,15.112676056338028,10.475312044247207,10pct,diabetes_sample,diabetes,"BMI,Income,MentHlth"
rebalanced_mice_dml,MentHlth,all,994,11.878574905013107,13.56489210853701,-5.5869349023708,15.112676056338028,9.525741153967228,10pct,diabetes_sample,diabetes,"BMI,Income,MentHlth"
mean,BMI,all,502,12.063195942278476,16.559631500545528,-10.45449366987724,38.3804780876494,27.92598441777216,5pct,diabetes_sample,diabetes,"BMI,Income,MentHlth"
median,BMI,all,502,12.579681274900398,17.159261028489098,-11.380478087649402,38.3804780876494,27.0,5pct,diabetes_sample,diabetes,"BMI,Income,MentHlth"
mode,BMI,all,502,12.579681274900398,17.159261028489098,-11.380478087649402,38.3804780876494,27.0,5pct,diabetes_sample,diabetes,"BMI,Income,MentHlth"
mice5,BMI,all,502,10.691418992407025,15.259421835241842,-8.613313901777481,38.3804780876494,29.767164185871923,5pct,diabetes_sample,diabetes,"BMI,Income,MentHlth"
rebalanced_mice_general,BMI,all,502,9.45994592444171,13.744607350175553,-5.870925398200749,38.3804780876494,32.509552689448654,5pct,diabetes_sample,diabetes,"BMI,Income,MentHlth"
rebalanced_mice_dml,BMI,all,502,9.575607471837934,13.88856155556942,-6.314592948156341,38.3804780876494,32.06588513949306,5pct,diabetes_sample,diabetes,"BMI,Income,MentHlth"
mean,Income,all,461,3.0277697744548635,3.4062296478828773,2.5521727335139057,3.6420824295010847,6.19425516301499,5pct,diabetes_sample,diabetes,"BMI,Income,MentHlth"
median,Income,all,461,3.574837310195228,4.045296671776967,3.3579175704989153,3.6420824295010847,7.0,5pct,diabetes_sample,diabetes,"BMI,Income,MentHlth"
mode,Income,all,461,4.357917570498915,4.907164181448144,4.357917570498915,3.6420824295010847,8.0,5pct,diabetes_sample,diabetes,"BMI,Income,MentHlth"
mice5,Income,all,461,1.8856317654113897,2.2910580779479406,1.1985253133729104,3.6420824295010847,4.8406077428739955,5pct,diabetes_sample,diabetes,"BMI,Income,MentHlth"
rebalanced_mice_general,Income,all,461,1.6469206084404433,1.959774075331263,0.2902077502288937,3.6420824295010847,3.9322901797299785,5pct,diabetes_sample,diabetes,"BMI,Income,MentHlth"
rebalanced_mice_dml,Income,all,461,1.6652884517132005,1.9683199230748156,0.2383462930369719,3.6420824295010847,3.8804287225380567,5pct,diabetes_sample,diabetes,"BMI,Income,MentHlth"
mean,MentHlth,all,493,17.9314012457139,21.05590506090465,-16.98127738054015,19.328600405679513,2.347323025139371,5pct,diabetes_sample,diabetes,"BMI,Income,MentHlth"
median,MentHlth,all,493,19.328600405679513,22.99091451207237,-19.328600405679513,19.328600405679513,0.0,5pct,diabetes_sample,diabetes,"BMI,Income,MentHlth"
mode,MentHlth,all,493,19.328600405679513,22.99091451207237,-19.328600405679513,19.328600405679513,0.0,5pct,diabetes_sample,diabetes,"BMI,Income,MentHlth"
mice5,MentHlth,all,493,15.41982766261475,18.03880861591624,-13.65854276308206,19.328600405679513,5.670057642597453,5pct,diabetes_sample,diabetes,"BMI,Income,MentHlth"
rebalanced_mice_general,MentHlth,all,493,12.238108520706152,13.405808650889751,-6.446204808008341,19.328600405679513,12.88239559767117,5pct,diabetes_sample,diabetes,"BMI,Income,MentHlth"
rebalanced_mice_dml,MentHlth,all,493,12.402331527292768,13.664936728159377,-7.001402128478059,19.328600405679513,12.327198277201454,5pct,diabetes_sample,diabetes,"BMI,Income,MentHlth"
